{
    "interactionModel": {
        "languageModel": {
            "invocationName": "my calculator",
            "intents": [
                {
                    "name": "AMAZON.CancelIntent",
                    "samples": []
                },
                {
                    "name": "AMAZON.HelpIntent",
                    "samples": []
                },
                {
                    "name": "AMAZON.StopIntent",
                    "samples": []
                },
                {
                    "name": "HelloWorldIntent",
                    "slots": [],
                    "samples": [
                        "hello",
                        "how are you",
                        "say hi world",
                        "say hi",
                        "hi",
                        "say hello world",
                        "say hello"
                    ]
                },
                {
                    "name": "AMAZON.NavigateHomeIntent",
                    "samples": []
                },
                {
                    "name": "AMAZON.FallbackIntent",
                    "samples": []
                },
                {
                    "name": "AddIntent",
                    "slots": [
                        {
                            "name": "firstNumber",
                            "type": "AMAZON.NUMBER",
                            "samples": [
                                "{firstNumber}"
                            ]
                        },
                        {
                            "name": "secondNumber",
                            "type": "AMAZON.NUMBER",
                            "samples": [
                                "{secondNumber}"
                            ]
                        }
                    ],
                    "samples": [
                        "Add two numbers",
                        "Perform addition",
                        "{firstNumber} plus {secondNumber}",
                        "add {firstNumber} and {secondNumber}"
                    ]
                },
                {
                    "name": "SubtractIntent",
                    "slots": [
                        {
                            "name": "firstNumber",
                            "type": "AMAZON.NUMBER",
                            "samples": [
                                "{firstNumber}"
                            ]
                        },
                        {
                            "name": "secondNumber",
                            "type": "AMAZON.NUMBER",
                            "samples": [
                                "{secondNumber}"
                            ]
                        }
                    ],
                    "samples": [
                        "Subtract two numbers",
                        "Perform subtraction",
                        "{secondNumber} take away {firstNumber}",
                        "{secondNumber} minus {firstNumber}",
                        "Subtract {firstNumber} from {secondNumber}"
                    ]
                }
            ],
            "types": []
        },
        "dialog": {
            "intents": [
                {
                    "name": "AddIntent",
                    "confirmationRequired": false,
                    "prompts": {},
                    "slots": [
                        {
                            "name": "firstNumber",
                            "type": "AMAZON.NUMBER",
                            "confirmationRequired": false,
                            "elicitationRequired": true,
                            "prompts": {
                                "elicitation": "Elicit.Slot.789976655319.1335712509943"
                            }
                        },
                        {
                            "name": "secondNumber",
                            "type": "AMAZON.NUMBER",
                            "confirmationRequired": false,
                            "elicitationRequired": true,
                            "prompts": {
                                "elicitation": "Elicit.Slot.789976655319.1154946316457"
                            }
                        }
                    ]
                },
                {
                    "name": "SubtractIntent",
                    "confirmationRequired": false,
                    "prompts": {},
                    "slots": [
                        {
                            "name": "firstNumber",
                            "type": "AMAZON.NUMBER",
                            "confirmationRequired": false,
                            "elicitationRequired": true,
                            "prompts": {
                                "elicitation": "Elicit.Slot.415834520377.1274914741259"
                            }
                        },
                        {
                            "name": "secondNumber",
                            "type": "AMAZON.NUMBER",
                            "confirmationRequired": false,
                            "elicitationRequired": true,
                            "prompts": {
                                "elicitation": "Elicit.Slot.415834520377.326665928438"
                            }
                        }
                    ]
                }
            ],
            "delegationStrategy": "ALWAYS"
        },
        "prompts": [
            {
                "id": "Elicit.Slot.789976655319.1335712509943",
                "variations": [
                    {
                        "type": "PlainText",
                        "value": "What is the first number?"
                    }
                ]
            },
            {
                "id": "Elicit.Slot.789976655319.1154946316457",
                "variations": [
                    {
                        "type": "PlainText",
                        "value": "What is the second number?"
                    }
                ]
            },
            {
                "id": "Elicit.Slot.415834520377.1274914741259",
                "variations": [
                    {
                        "type": "PlainText",
                        "value": "What is the first number?"
                    }
                ]
            },
            {
                "id": "Elicit.Slot.415834520377.326665928438",
                "variations": [
                    {
                        "type": "PlainText",
                        "value": "What is the second number?"
                    }
                ]
            }
        ]
    }
}